name,type,significance,Coord A,Coord B,Coord C,Coord D
Arabian Sea Fleet Air Defense Zone,Carrier Battle Group Air Defense Training Area,Practice of coordinated fleet air defense with carrier-based aircraft,"[15.0, 65.0]","[15.0, 70.0]","[20.0, 70.0]","[20.0, 65.0]"
Eastern Seaboard Integrated Air Defense Sector,Multi-Layer Air Defense Exercise Zone,Coordination of ship-based and coastal air defense systems,"[15.0, 82.0]","[15.0, 85.0]","[19.0, 85.0]","[19.0, 82.0]"
Lakshadweep Islands Air Defense Perimeter,Island Chain Air Defense Training Area,Practice of air defense for scattered island territories,"[8.0, 72.0]","[8.0, 74.0]","[12.0, 74.0]","[12.0, 72.0]"
Andaman and Nicobar Air Defense Exercise Zone,Long-Range Maritime Air Defense Area,Training in extended range air defense for remote island chains,"[6.0, 92.0]","[6.0, 94.0]","[14.0, 94.0]","[14.0, 92.0]"
Gujarat Coast Air Defense Sector,Coastal Air Defense Training Zone,Practice of defending strategic coastal installations from air threats,"[20.0, 68.0]","[20.0, 72.0]","[23.0, 72.0]","[23.0, 68.0]"
Bay of Bengal Fleet Air Defense Training Area,Large-Scale Naval Air Defense Exercise Zone,Coordination of multiple ship and aircraft groups for air defense,"[12.0, 85.0]","[12.0, 90.0]","[16.0, 90.0]","[16.0, 85.0]"
Mumbai High Offshore Air Defense Zone,Critical Infrastructure Air Defense Area,Training in air defense of offshore oil and gas installations,"[19.0, 71.0]","[19.0, 72.5]","[20.5, 72.5]","[20.5, 71.0]"
Visakhapatnam Naval Base Air Defense Sector,Strategic Asset Air Defense Training Zone,Practice of multi-layered air defense for key naval facilities,"[17.0, 83.0]","[17.0, 84.0]","[18.0, 84.0]","[18.0, 83.0]"
Kochi Naval Air Station Defense Exercise Area,Airfield Defense Training Zone,Simulations of defending naval air bases from aerial attacks,"[9.5, 76.0]","[9.5, 76.5]","[10.0, 76.5]","[10.0, 76.0]"
Karwar Naval Base Air Defense Sector,Advanced Naval Facility Air Defense Zone,Training in protecting modern naval infrastructure from air threats,"[14.5, 74.0]","[14.5, 74.5]","[15.0, 74.5]","[15.0, 74.0]"
Chilika Air Defense Training Sector,Low-Altitude Air Defense Exercise Zone,Practice of countering low-flying aircraft and cruise missiles,"[19.5, 85.0]","[19.5, 85.5]","[20.0, 85.5]","[20.0, 85.0]"
Port Blair Air Defense Perimeter,Island Capital Air Defense Training Area,Exercises in defending key administrative centers on strategic islands,"[11.5, 92.5]","[11.5, 93.0]","[12.0, 93.0]","[12.0, 92.5]"
Kakinada Offshore Air Defense Zone,Gas Field Air Defense Training Area,Practice of air defense for offshore energy infrastructure,"[16.5, 82.0]","[16.5, 83.0]","[17.5, 83.0]","[17.5, 82.0]"
Goa Naval Aviation Air Defense Sector,Maritime Patrol Aircraft Base Defense Zone,Training in protecting naval air assets and facilities,"[15.0, 73.5]","[15.0, 74.0]","[15.5, 74.0]","[15.5, 73.5]"
Dwarka Point Air Defense Exercise Area,Coastal Radar Station Defense Zone,Practice of integrating coastal radar with air defense systems,"[22.0, 68.5]","[22.0, 69.0]","[22.5, 69.0]","[22.5, 68.5]"
Car Nicobar Air Base Defense Sector,Forward Airfield Protection Training Zone,"Exercises in defending remote, strategic air bases","[9.0, 92.5]","[9.0, 93.0]","[9.5, 93.0]","[9.5, 92.5]"
Kalpakkam Nuclear Facility Air Defense Zone,Critical National Asset Air Defense Area,Training in air defense of nuclear installations near coast,"[12.5, 80.0]","[12.5, 80.5]","[13.0, 80.5]","[13.0, 80.0]"
Porbandar Air Defense Exercise Sector,Forward Operating Base Air Defense Zone,Practice of air defense for naval detachments and forward bases,"[21.5, 69.5]","[21.5, 70.0]","[22.0, 70.0]","[22.0, 69.5]"
Sundarbans Delta Air Defense Training Area,Low-Level Air Intrusion Defense Zone,Training in detecting and countering low-altitude air threats in complex terrain,"[21.5, 88.5]","[21.5, 89.5]","[22.5, 89.5]","[22.5, 88.5]"
Minicoy Island Air Defense Sector,Remote Island Air Defense Training Zone,"Practice of air defense for isolated, strategic island outposts","[8.0, 72.5]","[8.0, 73.5]","[9.0, 73.5]","[9.0, 72.5]"
Paradip Port Air Defense Exercise Area,Major Port Facility Air Defense Zone,Training in air defense of critical maritime trade infrastructure,"[20.0, 86.5]","[20.0, 87.0]","[20.5, 87.0]","[20.5, 86.5]"
Lakshadweep Sea Extended Air Defense Zone,Over-the-Horizon Air Defense Training Area,Practice of long-range air threat detection and engagement,"[10.0, 70.0]","[10.0, 74.0]","[14.0, 74.0]","[14.0, 70.0]"
Andaman Sea Air-Sea Integration Zone,Combined Air-Naval Defense Exercise Area,Training in coordinated air and naval defense operations,"[11.0, 92.0]","[11.0, 94.0]","[13.0, 94.0]","[13.0, 92.0]"
Kavatti Island Radar Picket Training Zone,Early Warning Radar Defense Exercise Area,Practice of integrating forward radar pickets with air defense network,"[10.5, 72.5]","[10.5, 73.0]","[11.0, 73.0]","[11.0, 72.5]"
Nicobar Islands Southern Air Defense Sector,Strategic Chokepoint Air Defense Zone,Training in air defense of critical maritime passages,"[6.5, 93.5]","[6.5, 94.5]","[7.5, 94.5]","[7.5, 93.5]"
Arabian Sea Western Sector Air Patrol,Long-Range Maritime Reconnaissance Zone,Extended surveillance of western approaches to Indian waters,"[15.0, 60.0]","[15.0, 68.0]","[20.0, 68.0]","[20.0, 60.0]"
Bay of Bengal Eastern Sector Air Patrol,Wide-Area Maritime Surveillance Zone,Monitoring of eastern seaboard and approaches,"[10.0, 85.0]","[10.0, 90.0]","[18.0, 90.0]","[18.0, 85.0]"
Lakshadweep Sea Air Surveillance Sector,Island Territory and EEZ Patrol Zone,Aerial monitoring of Lakshadweep Islands and surrounding waters,"[8.0, 71.0]","[8.0, 75.0]","[14.0, 75.0]","[14.0, 71.0]"
Andaman Sea Air Reconnaissance Area,Far Eastern Maritime Patrol Zone,Surveillance of Andaman Sea and western approaches to Malacca Strait,"[6.0, 91.0]","[6.0, 96.0]","[14.0, 96.0]","[14.0, 91.0]"
Gujarat Coastal Air Patrol Sector,Northwestern Maritime Border Surveillance Zone,Aerial monitoring of India-Pakistan maritime border and approaches,"[20.0, 68.0]","[20.0, 72.0]","[24.0, 72.0]","[24.0, 68.0]"
Southern Peninsula Coastal Air Surveillance Sector,Multi-Coastal Zone Patrol Area,"Aerial monitoring of Kerala, Tamil Nadu, and southern Andhra Pradesh coasts","[8.0, 76.0]","[8.0, 80.0]","[15.0, 80.0]","[15.0, 76.0]"
Northern Bay of Bengal Air Reconnaissance Zone,Tri-Nation Maritime Border Surveillance Area,Aerial patrols near India-Bangladesh-Myanmar maritime boundaries,"[18.0, 87.0]","[18.0, 93.0]","[21.0, 93.0]","[21.0, 87.0]"
Nicobar Islands Southern Approach Air Patrol,Far South Eastern Maritime Surveillance Zone,Monitoring of southern approaches to Andaman and Nicobar Islands,"[5.0, 91.0]","[5.0, 95.0]","[8.0, 95.0]","[8.0, 91.0]"
Central Arabian Sea Extended Air Patrol,Deep Sea Long-Range Reconnaissance Zone,Far-reaching patrols for maritime domain awareness in central Arabian Sea,"[12.0, 60.0]","[12.0, 68.0]","[18.0, 68.0]","[18.0, 60.0]"
Odisha-West Bengal Coastal Air Surveillance Sector,Eastern Seaboard Patrol Zone,Aerial monitoring of upper east coast and offshore areas,"[18.0, 84.0]","[18.0, 88.0]","[22.0, 88.0]","[22.0, 84.0]"
Strait of Malacca Approach Air Reconnaissance Zone,Strategic Waterway Monitoring Area,Long-range patrols observing western entrance to Malacca Strait,"[4.0, 92.0]","[4.0, 96.0]","[8.0, 96.0]","[8.0, 92.0]"
Gujarat-Maharashtra Coastal Transition Air Patrol,Western Seaboard Surveillance Zone,Aerial monitoring of transition between northwestern and west-central coast,"[18.0, 70.0]","[18.0, 73.0]","[22.0, 73.0]","[22.0, 70.0]"
Palk Bay-Gulf of Mannar Air Surveillance Sector,India-Sri Lanka Maritime Border Patrol Zone,Aerial monitoring of narrow waters between India and Sri Lanka,"[8.0, 78.0]","[8.0, 80.0]","[10.0, 80.0]","[10.0, 78.0]"
Sundarbans-Bangladesh Border Air Reconnaissance Area,Complex Delta Region Surveillance Zone,Aerial patrols over intricate waterways of Sundarbans and maritime border,"[21.0, 88.0]","[21.0, 90.0]","[23.0, 90.0]","[23.0, 88.0]"
Lakshadweep-Malabar Coast Transition Air Patrol,Island-Mainland Connection Surveillance Zone,Monitoring maritime traffic between Lakshadweep and Kerala coast,"[8.0, 73.0]","[8.0, 76.0]","[12.0, 76.0]","[12.0, 73.0]"
Karwar-Goa Naval Air Patrol Sector,Western Naval Command Southern Flank Surveillance,Aerial monitoring of important naval bases and surrounding waters,"[14.0, 73.0]","[14.0, 74.5]","[16.0, 74.5]","[16.0, 73.0]"
Vizag-Chilika Coastal Air Reconnaissance Zone,Eastern Naval Command Core Area Patrol,Aerial surveillance of critical eastern naval facilities and approaches,"[17.0, 83.0]","[17.0, 86.0]","[20.0, 86.0]","[20.0, 83.0]"
Kanyakumari-Gulf of Mannar Air Patrol Sector,Southern Tip Maritime Surveillance Zone,Monitoring of maritime traffic rounding the southern tip of India,"[7.5, 77.0]","[7.5, 79.0]","[9.5, 79.0]","[9.5, 77.0]"
Little Andaman-Car Nicobar Channel Air Surveillance,Inter-Group Island Passage Patrol Zone,Monitoring maritime activities between Andaman and Nicobar Island groups,"[9.0, 92.0]","[9.0, 93.0]","[11.0, 93.0]","[11.0, 92.0]"
Mumbai High Offshore Air Patrol Sector,Critical Infrastructure Surveillance Zone,Aerial monitoring of vital offshore oil and gas installations,"[19.0, 71.0]","[19.0, 72.5]","[20.5, 72.5]","[20.5, 71.0]"
Porbandar-Dwarka Coastal Air Surveillance Area,Northwestern Coastal Defense Zone,Aerial patrols of sensitive northwestern coastline,"[21.0, 68.5]","[21.0, 70.0]","[23.0, 70.0]","[23.0, 68.5]"
Paradip-Haldia Coastal Air Reconnaissance Sector,Upper East Coast Port Approach Surveillance,Monitoring of major port approaches and offshore activities,"[20.0, 86.5]","[20.0, 88.5]","[22.0, 88.5]","[22.0, 86.5]"
Kochi-Mangalore Coastal Air Patrol Zone,Malabar Coast Surveillance Sector,Aerial monitoring of Kerala and Karnataka coasts,"[9.5, 75.0]","[9.5, 76.5]","[13.0, 76.5]","[13.0, 75.0]"
North Andaman Extended Air Reconnaissance Zone,Far North Eastern Maritime Patrol Area,Long-range patrols covering northern Andaman Sea,"[12.0, 91.0]","[12.0, 95.0]","[15.0, 95.0]","[15.0, 91.0]"
Saurashtra Peninsula Coastal Air Surveillance,Western Seaboard Midpoint Patrol Zone,Aerial monitoring of Gujarat's southern coastline and approaches,"[20.0, 69.0]","[20.0, 72.0]","[22.5, 72.0]","[22.5, 69.0]"
Andaman Islands Amphibious Landing Zone,Island Assault Training Area,Practice of large-scale amphibious landings on varied beach types,"[12.0, 92.5]","[12.0, 93.0]","[13.0, 93.0]","[13.0, 92.5]"
Gujarat Coast Amphibious Exercise Area,Shallow Water Landing Zone,Training in amphibious operations in areas with high tidal variations,"[21.5, 69.5]","[21.5, 70.5]","[22.5, 70.5]","[22.5, 69.5]"
Lakshadweep Islands Amphibious Assault Zone,Coral Atoll Landing Exercise Area,"Practice of amphibious operations on small, defended island territories","[10.5, 72.0]","[10.5, 73.0]","[11.5, 73.0]","[11.5, 72.0]"
Visakhapatnam Amphibious Training Sector,Eastern Seaboard Landing Exercise Zone,Large-scale amphibious exercises involving Eastern Naval Command,"[17.0, 82.5]","[17.0, 83.5]","[18.0, 83.5]","[18.0, 82.5]"
Goa Beach Assault Training Area,Western Coastal Amphibious Zone,Combined arms training in amphibious and beach landing operations,"[15.0, 73.5]","[15.0, 74.0]","[15.5, 74.0]","[15.5, 73.5]"
Car Nicobar Amphibious Defense Exercise Zone,Remote Island Defense Training Area,"Practice of defending and retaking small, strategic islands","[8.5, 92.5]","[8.5, 93.0]","[9.5, 93.0]","[9.5, 92.5]"
Chilika Lake Amphibious Operations Area,Lagoon and Coastal Transition Landing Zone,Training in transitions from lagoon to coastal amphibious operations,"[19.5, 85.0]","[19.5, 85.5]","[20.0, 85.5]","[20.0, 85.0]"
Kakinada Bay Amphibious Exercise Sector,Mangrove and Delta Landing Zone,Practice of amphibious operations in complex coastal environments,"[16.5, 82.0]","[16.5, 82.5]","[17.0, 82.5]","[17.0, 82.0]"
Karwar Naval Base Amphibious Training Area,Advanced Amphibious Warfare Exercise Zone,Integration of naval special forces in amphibious operations,"[14.5, 74.0]","[14.5, 74.5]","[15.0, 74.5]","[15.0, 74.0]"
Sundarbans Delta Amphibious Patrol Zone,Riverine-Coastal Transition Exercise Area,Training in amphibious operations in delta and mangrove environments,"[21.5, 88.5]","[21.5, 89.5]","[22.5, 89.5]","[22.5, 88.5]"
Pamban Bridge Assault Training Zone,Strategic Infrastructure Seizure Exercise Area,Practice of amphibious operations to secure critical coastal infrastructure,"[9.0, 79.0]","[9.0, 79.5]","[9.5, 79.5]","[9.5, 79.0]"
Kochi Backwaters Amphibious Maneuver Area,Inland Waterway Assault Training Zone,Exercises in transitioning from sea to inland waterway operations,"[9.5, 76.0]","[9.5, 76.5]","[10.0, 76.5]","[10.0, 76.0]"
Sagar Island Amphibious Landing Zone,River Mouth Assault Training Area,Practice of securing strategic river delta positions,"[21.5, 88.0]","[21.5, 88.5]","[22.0, 88.5]","[22.0, 88.0]"
Kavatti Island Commando Insertion Area,Small Island Covert Landing Zone,Training for special forces in clandestine amphibious insertions,"[10.5, 72.5]","[10.5, 73.0]","[11.0, 73.0]","[11.0, 72.5]"
Paradip Port Amphibious Assault Zone,Port Seizure Exercise Area,Training in amphibious operations to capture and secure port facilities,"[20.0, 86.5]","[20.0, 87.0]","[20.5, 87.0]","[20.5, 86.5]"
Little Andaman Island Beachhead Establishment Zone,Remote Beach Landing Exercise Area,Practice of establishing and expanding beachheads on remote islands,"[10.5, 92.0]","[10.5, 92.5]","[11.0, 92.5]","[11.0, 92.0]"
Mundra Port Amphibious Raid Exercise Area,Commercial Port Defense Training Zone,Simulations of defending and recapturing major commercial ports,"[22.5, 69.5]","[22.5, 70.0]","[23.0, 70.0]","[23.0, 69.5]"
Mahanadi Delta Amphibious Maneuver Zone,River Delta Assault Training Area,Exercises in navigating and securing complex river delta regions,"[20.0, 86.0]","[20.0, 87.0]","[20.5, 87.0]","[20.5, 86.0]"
Kavaratti Island Defense Exercise Zone,Coral Island Fortification Training Area,Practice of defending and counter-attacking on small coral islands,"[10.5, 72.0]","[10.5, 72.5]","[11.0, 72.5]","[11.0, 72.0]"
Daman and Diu Amphibious Assault Training Area,Historical Fort Recapture Exercise Zone,Simulations of recapturing historical coastal fortifications,"[20.3, 72.5]","[20.3, 73.0]","[20.8, 73.0]","[20.8, 72.5]"
Netrani Island Vertical Assault Training Zone,Helicopter-borne Amphibious Landing Area,Practice of combined helicopter and waterborne amphibious assaults,"[14.0, 74.3]","[14.0, 74.5]","[14.5, 74.5]","[14.5, 74.3]"
Bhitarkanika Mangrove Amphibious Exercise Area,Ecological Sensitive Zone Landing Practice,Training in minimal impact amphibious operations in protected areas,"[20.5, 86.5]","[20.5, 87.0]","[21.0, 87.0]","[21.0, 86.5]"
Minicoy Island Lagoon Assault Training Zone,Atoll Lagoon Amphibious Exercise Area,Practice of breaching and securing atoll lagoon entrances,"[8.0, 73.0]","[8.0, 73.5]","[8.5, 73.5]","[8.5, 73.0]"
Machilipatnam Coastal Swamp Landing Zone,Marshland Amphibious Operation Area,Training in amphibious movements through coastal swamps and marshes,"[15.5, 80.5]","[15.5, 81.0]","[16.0, 81.0]","[16.0, 80.5]"
Elephanta Island Historical Assault Training Area,Urban-Coastal Interface Landing Zone,Practice of amphibious operations in historically significant coastal areas,"[18.9, 72.9]","[18.9, 73.0]","[19.0, 73.0]","[19.0, 72.9]"
Arabian Sea Deep Water ASW Zone,Deep Sea Submarine Detection Exercise Area,Training in long-range submarine detection and tracking,"[15.0, 65.0]","[15.0, 70.0]","[20.0, 70.0]","[20.0, 65.0]"
Bay of Bengal ASW Training Sector,Multi-Layer ASW Exercise Zone,"Integrated air, surface, and subsurface ASW operations","[12.0, 85.0]","[12.0, 90.0]","[16.0, 90.0]","[16.0, 85.0]"
Lakshadweep Sea Shallow Water ASW Area,Littoral ASW Training Zone,Exercises in detecting submarines in complex shallow water environments,"[10.0, 72.0]","[10.0, 74.0]","[12.0, 74.0]","[12.0, 72.0]"
Andaman Sea ASW Exercise Zone,Strategic ASW Choke Point Training Area,Submarine detection exercises near critical maritime passages,"[10.0, 92.0]","[10.0, 94.0]","[13.0, 94.0]","[13.0, 92.0]"
Gujarat Coast ASW Patrol Sector,Coastal Submarine Defense Exercise Zone,Training in protecting coastal waters from submarine intrusion,"[20.0, 68.0]","[20.0, 70.0]","[22.0, 70.0]","[22.0, 68.0]"
Eastern Seaboard Deep Water ASW Zone,Advanced Submarine Hunting Exercise Area,Training with advanced sonar systems in varying depth conditions,"[13.0, 82.0]","[13.0, 85.0]","[16.0, 85.0]","[16.0, 82.0]"
Southern Peninsula ASW Training Area,Multi-Environment ASW Exercise Zone,Submarine detection training in diverse oceanographic conditions,"[7.0, 76.0]","[7.0, 79.0]","[10.0, 79.0]","[10.0, 76.0]"
Nicobar Islands ASW Barrier Exercise Zone,Island Chain ASW Defense Training Area,Exercises in creating ASW barriers between island groups,"[6.0, 92.0]","[6.0, 94.0]","[9.0, 94.0]","[9.0, 92.0]"
Mumbai-Goa Coastal ASW Sector,Littoral Warfare Training Zone,Shallow water ASW exercises near major naval bases,"[15.0, 72.0]","[15.0, 73.5]","[19.0, 73.5]","[19.0, 72.0]"
Northern Bay of Bengal ASW Practice Area,Riverine Outflow ASW Training Zone,ASW exercises in complex water conditions due to river deltas,"[19.0, 87.0]","[19.0, 90.0]","[21.0, 90.0]","[21.0, 87.0]"
Central Arabian Sea ASW Zone,Blue Water ASW Exercise Area,Long-range submarine detection and engagement training,"[16.0, 62.0]","[16.0, 66.0]","[20.0, 66.0]","[20.0, 62.0]"
Kanyakumari ASW Convergence Zone,Multi-Directional Approach ASW Training Area,Exercises in monitoring submarine activities at oceanic junctions,"[6.0, 77.0]","[6.0, 79.0]","[8.0, 79.0]","[8.0, 77.0]"
Malacca Strait Approach ASW Zone,Strategic Waterway ASW Exercise Area,Training in submarine detection near critical international sea lanes,"[5.0, 94.0]","[5.0, 96.0]","[7.0, 96.0]","[7.0, 94.0]"
Vizag Forward ASW Training Sector,Eastern Naval Command ASW Exercise Zone,Advanced ASW training near major submarine base,"[16.0, 82.0]","[16.0, 84.0]","[18.0, 84.0]","[18.0, 82.0]"
Nine Degree Channel ASW Patrol Zone,Island Territory Defense ASW Area,ASW exercises to protect sea lanes around Lakshadweep,"[9.0, 72.0]","[9.0, 74.0]","[10.0, 74.0]","[10.0, 72.0]"
Andaman Sea Deep Trench ASW Zone,Extreme Depth ASW Training Area,Exercises in detecting deep-diving submarines in varying bathymetry,"[9.0, 91.0]","[9.0, 93.0]","[11.0, 93.0]","[11.0, 91.0]"
Karwar Advanced ASW Training Range,Next-Generation ASW Technology Testing Zone,Trials of new ASW sensors and weapons systems,"[14.0, 73.0]","[14.0, 74.0]","[15.0, 74.0]","[15.0, 73.0]"
Sunda Strait Approach ASW Monitoring Zone,Alternative Strait ASW Exercise Area,Training in monitoring submarine activities near secondary straits,"[6.0, 103.0]","[6.0, 105.0]","[8.0, 105.0]","[8.0, 103.0]"
Laccadive Sea ASW Exercise Sector,Comprehensive ASW Training Zone,Multi-platform coordinated ASW exercises,"[8.0, 73.0]","[8.0, 76.0]","[11.0, 76.0]","[11.0, 73.0]"
Dondra Head ASW Patrol Area,Southern Sri Lanka ASW Exercise Zone,ASW training in high-traffic international shipping lane,"[5.5, 80.0]","[5.5, 82.0]","[7.0, 82.0]","[7.0, 80.0]"
Porbandar ASW Training Sector,Northwestern Coastal ASW Zone,Shallow water ASW exercises in strategic coastal area,"[21.0, 68.0]","[21.0, 70.0]","[22.5, 70.0]","[22.5, 68.0]"
Paradip-Haldia ASW Exercise Area,Bay of Bengal Western Rim ASW Zone,ASW training near major ports and offshore installations,"[20.0, 87.0]","[20.0, 89.0]","[22.0, 89.0]","[22.0, 87.0]"
Gulf of Mannar ASW Practice Zone,Shallow Strait ASW Exercise Area,"Training in ASW operations in narrow, shallow waters","[8.5, 78.0]","[8.5, 79.5]","[9.5, 79.5]","[9.5, 78.0]"
Indira Point ASW Frontier Zone,Southernmost ASW Exercise Area,Long-range ASW patrols and exercises from southernmost base,"[6.0, 93.0]","[6.0, 94.5]","[7.5, 94.5]","[7.5, 93.0]"
Sundarbans ASW Patrol Sector,Complex Delta ASW Training Zone,ASW exercises in challenging coastal and riverine environments,"[21.0, 88.0]","[21.0, 89.5]","[22.5, 89.5]","[22.5, 88.0]"
Arabian Sea Western MIO Training Zone,Deep Sea Interdiction Exercise Area,Practice of long-range interdiction operations in open waters,"[15.0, 65.0]","[15.0, 68.0]","[18.0, 68.0]","[18.0, 65.0]"
Lakshadweep Sea MIO Practice Sector,Island Territory Interdiction Zone,Training in interdiction operations around island chains,"[10.0, 72.0]","[10.0, 74.0]","[12.0, 74.0]","[12.0, 72.0]"
Bay of Bengal Eastern MIO Exercise Area,Large-Scale Maritime Interdiction Zone,Coordinated multi-ship interdiction exercises,"[13.0, 85.0]","[13.0, 88.0]","[16.0, 88.0]","[16.0, 85.0]"
Palk Strait Coastal MIO Training Sector,Narrow Waters Interdiction Zone,"Practice of interdiction in confined, shallow waters","[9.0, 79.5]","[9.0, 80.0]","[10.0, 80.0]","[10.0, 79.5]"
Andaman Sea MIO Exercise Zone,Remote Territory Interdiction Area,Training in long-range MIO to protect distant territories,"[10.0, 92.0]","[10.0, 94.0]","[13.0, 94.0]","[13.0, 92.0]"
Gujarat Coast MIO Practice Area,Coastal Waters Interdiction Zone,Exercises in intercepting suspicious vessels near coastline,"[20.0, 68.0]","[20.0, 70.0]","[22.0, 70.0]","[22.0, 68.0]"
Sundarbans Delta MIO Training Sector,Complex Coastal Interdiction Zone,Practice of MIO in intricate coastal and riverine environments,"[21.0, 88.5]","[21.0, 89.5]","[22.0, 89.5]","[22.0, 88.5]"
Malacca Strait Approach MIO Exercise Area,Strategic Waterway Interdiction Zone,Training in MIO near critical international shipping lanes,"[5.0, 94.0]","[5.0, 96.0]","[7.0, 96.0]","[7.0, 94.0]"
Kanyakumari MIO Practice Zone,Multi-Sea Convergence Interdiction Area,Exercises in MIO at the junction of multiple sea areas,"[7.0, 77.0]","[7.0, 78.5]","[8.5, 78.5]","[8.5, 77.0]"
Mumbai High Offshore MIO Training Sector,Critical Infrastructure Protection Zone,Practice of MIO to safeguard offshore oil and gas installations,"[19.0, 71.0]","[19.0, 72.5]","[20.5, 72.5]","[20.5, 71.0]"
Karwar Naval Base MIO Exercise Area,Naval Facility Protection Zone,Training in MIO to secure approaches to major naval bases,"[14.5, 73.5]","[14.5, 74.5]","[15.5, 74.5]","[15.5, 73.5]"
Kochi High-Speed Interception Training Zone,Fast-Boat MIO Exercise Area,Practice of high-speed interception and boarding operations,"[9.5, 75.5]","[9.5, 76.5]","[10.5, 76.5]","[10.5, 75.5]"
Kakinada Offshore MIO Practice Sector,Energy Infrastructure Defense Zone,MIO exercises focused on protecting offshore energy assets,"[16.5, 82.0]","[16.5, 83.0]","[17.5, 83.0]","[17.5, 82.0]"
Nicobar Islands Southern Approach MIO Zone,Remote Territory Access Control Area,Training in controlling maritime access to remote island groups,"[6.0, 92.5]","[6.0, 94.0]","[8.0, 94.0]","[8.0, 92.5]"
Porbandar Fast Interception Exercise Area,Coastal Security Rapid Response Zone,Practice of quick reaction MIO in response to coastal security threats,"[21.0, 69.0]","[21.0, 70.0]","[22.0, 70.0]","[22.0, 69.0]"
Visakhapatnam Fleet MIO Training Sector,Large-Scale Naval Interdiction Zone,Coordinated fleet-level MIO exercises involving multiple ship types,"[16.5, 82.0]","[16.5, 83.5]","[18.0, 83.5]","[18.0, 82.0]"
Gulf of Mannar Smuggling Interdiction Practice Area,Anti-Smuggling Operations Zone,Specialized MIO training focused on combating maritime smuggling,"[8.5, 78.0]","[8.5, 79.5]","[9.5, 79.5]","[9.5, 78.0]"
Paradip Port Approach MIO Exercise Sector,Port Security Interdiction Zone,Practice of MIO to secure approaches to major commercial ports,"[19.5, 86.0]","[19.5, 87.0]","[20.5, 87.0]","[20.5, 86.0]"
Lakshadweep Sea Counter-Terrorism MIO Area,Anti-Terror Maritime Interdiction Zone,Specialized training in interdicting vessels suspected of terrorism,"[11.0, 71.0]","[11.0, 73.0]","[13.0, 73.0]","[13.0, 71.0]"
Car Nicobar Island MIO Training Sector,Forward Base Interdiction Exercise Zone,MIO practice from remote forward operating bases,"[8.5, 92.5]","[8.5, 93.5]","[9.5, 93.5]","[9.5, 92.5]"
Diu Coast Night-time MIO Practice Area,Low-Visibility Interdiction Training Zone,Exercises in conducting MIO operations under night conditions,"[20.5, 70.5]","[20.5, 71.5]","[21.5, 71.5]","[21.5, 70.5]"
Chilika Lake Special Boat MIO Zone,Shallow Water Interdiction Training Area,"Practice of MIO using special boats in shallow, coastal waters","[19.5, 85.0]","[19.5, 85.5]","[20.0, 85.5]","[20.0, 85.0]"
Little Andaman Island MIO Exercise Sector,Remote EEZ Protection Zone,Training in long-range MIO to protect distant EEZ areas,"[10.0, 91.5]","[10.0, 93.0]","[11.5, 93.0]","[11.5, 91.5]"
Goa Naval Aviation MIO Support Training Area,Air-Sea Coordinated Interdiction Zone,Practice of MIO with naval aviation support and coordination,"[15.0, 73.0]","[15.0, 74.0]","[16.0, 74.0]","[16.0, 73.0]"
Sagar Island Riverine-Maritime MIO Transition Zone,River-Sea Interface Interdiction Area,Training in MIO at the transition between riverine and maritime environments,"[21.5, 88.0]","[21.5, 88.5]","[22.0, 88.5]","[22.0, 88.0]"
Gulf of Khambhat Mine Warfare Training Zone,Shallow Water Mine Operations Area,Practice of mine-laying and sweeping in high tidal variation environments,"[21.0, 72.0]","[21.0, 72.5]","[22.0, 72.5]","[22.0, 72.0]"
Palk Strait Mine Countermeasures Exercise Area,Narrow Channel Mine Clearing Zone,Training in mine detection and neutralization in confined waters,"[9.0, 79.5]","[9.0, 80.0]","[10.0, 80.0]","[10.0, 79.5]"
Lakshadweep Sea Deep Water Mining Range,Deep Sea Mine Warfare Training Area,Exercises in deep-water mine-laying and detection techniques,"[10.0, 71.0]","[10.0, 73.0]","[12.0, 73.0]","[12.0, 71.0]"
Visakhapatnam Approach Mine Defense Zone,Port Approach Mine Clearing Area,Practice of keeping strategic port approaches free of mines,"[17.5, 83.0]","[17.5, 83.5]","[18.0, 83.5]","[18.0, 83.0]"
Kori Creek Minefield Training Area,Defensive Minefield Deployment Zone,Training in the use of minefields for coastal defense,"[23.0, 68.5]","[23.0, 69.0]","[23.5, 69.0]","[23.5, 68.5]"
Andaman Sea Mine Warfare Exercise Zone,Archipelagic Waters Mine Operations Area,Practice of mine warfare in complex island chain environments,"[11.0, 92.0]","[11.0, 93.0]","[12.0, 93.0]","[12.0, 92.0]"
Kochi Naval Base Mine Defense Sector,Strategic Asset Protection Mine Warfare Zone,Training in protecting key naval facilities from mine threats,"[9.5, 76.0]","[9.5, 76.5]","[10.0, 76.5]","[10.0, 76.0]"
Kakinada Bay Mine Countermeasures Area,Coastal Mine Clearing Exercise Zone,"Practice of mine detection in shallow, turbid waters","[16.5, 82.0]","[16.5, 82.5]","[17.0, 82.5]","[17.0, 82.0]"
Karwar Deep Water Mine Warfare Range,Advanced Mine Technology Testing Area,Evaluation of new mine warfare technologies and tactics,"[14.5, 73.5]","[14.5, 74.0]","[15.0, 74.0]","[15.0, 73.5]"
Gulf of Mannar Mine Hunting Exercise Zone,Coral Reef Mine Detection Area,Training in mine detection in sensitive marine environments,"[8.5, 78.0]","[8.5, 79.0]","[9.5, 79.0]","[9.5, 78.0]"
Sundarbans Delta Mine Warfare Training Sector,Riverine-Coastal Mine Operations Zone,Practice of mine warfare in complex delta environments,"[21.5, 88.5]","[21.5, 89.5]","[22.5, 89.5]","[22.5, 88.5]"
Mumbai Harbor Approach Mine Defense Area,Major Port Mine Countermeasures Zone,Training in keeping vital commercial ports free from mine threats,"[18.5, 72.5]","[18.5, 73.0]","[19.0, 73.0]","[19.0, 72.5]"
Chilika Lake Mine Warfare Exercise Area,Coastal Lagoon Mine Operations Zone,"Practice of mine warfare in shallow, enclosed water bodies","[19.5, 85.0]","[19.5, 85.5]","[20.0, 85.5]","[20.0, 85.0]"
Ten Degree Channel Mine Barrier Exercise Zone,Strategic Waterway Mine Defense Area,Training in the use of mines to control key maritime passages,"[9.0, 92.0]","[9.0, 93.0]","[10.0, 93.0]","[10.0, 92.0]"
Porbandar Coastal Mine Warfare Training Area,Shallow Water Mine Detection Zone,"Practice of mine countermeasures in sandy, shallow coastal waters","[21.5, 69.5]","[21.5, 70.0]","[22.0, 70.0]","[22.0, 69.5]"
Paradip Port Mine Defense Exercise Zone,Commercial Harbor Mine Clearing Area,Training in mine countermeasures for busy commercial ports,"[20.0, 86.5]","[20.0, 87.0]","[20.5, 87.0]","[20.5, 86.5]"
Lakshadweep Islands Mine Warfare Training Sector,Coral Atoll Mine Operations Zone,Practice of mine warfare in and around coral island formations,"[10.0, 72.0]","[10.0, 73.0]","[11.0, 73.0]","[11.0, 72.0]"
Goa Naval Area Mine Defense Training Zone,Coastal Naval Base Mine Protection Area,Exercises in defending naval facilities from sea-laid mines,"[15.0, 73.5]","[15.0, 74.0]","[15.5, 74.0]","[15.5, 73.5]"
Little Andaman Island Mine Warfare Exercise Area,Remote Island Mine Defense Zone,Training in mine warfare for protecting distant island territories,"[10.5, 92.0]","[10.5, 92.5]","[11.0, 92.5]","[11.0, 92.0]"
Dhamra Port Approach Mine Countermeasures Zone,Emerging Port Mine Defense Area,Practice of mine clearing operations for newly developed ports,"[20.5, 86.5]","[20.5, 87.0]","[21.0, 87.0]","[21.0, 86.5]"
Hooghly River Estuary Mine Warfare Training Area,Riverine Mine Operations Zone,Training in mine warfare in river mouths and estuaries,"[21.5, 87.5]","[21.5, 88.0]","[22.0, 88.0]","[22.0, 87.5]"
Minicoy Island Mine Defense Exercise Zone,Remote Strategic Island Mine Protection Area,"Practice of defending isolated, strategic islands from mine threats","[8.0, 73.0]","[8.0, 73.5]","[8.5, 73.5]","[8.5, 73.0]"
Kavatti Island Minefield Training Sector,Small Island Mine Barrier Exercise Area,"Training in using minefields to protect small, strategic islands","[10.5, 72.5]","[10.5, 73.0]","[11.0, 73.0]","[11.0, 72.5]"
Car Nicobar Mine Warfare Exercise Zone,Forward Base Mine Defense Area,Practice of mine warfare to protect forward naval and air bases,"[9.0, 92.5]","[9.0, 93.0]","[9.5, 93.0]","[9.5, 92.5]"
Kandla Port Mine Countermeasures Training Area,High-Traffic Port Mine Clearing Zone,Training in mine detection and clearing in busy port approaches,"[22.5, 69.5]","[22.5, 70.0]","[23.0, 70.0]","[23.0, 69.5]"
Arabian Sea Western Fleet Exercise Area,Naval Exercise Zone,Large-scale fleet maneuvers and war games,"[15.0, 66.0]","[15.0, 70.0]","[19.0, 70.0]","[19.0, 66.0]"
Lakshadweep Anti-Submarine Warfare Zone,ASW Operations Area,Submarine detection and tracking exercises,"[10.0, 71.0]","[10.0, 74.0]","[13.0, 74.0]","[13.0, 71.0]"
Strait of Hormuz Approach Surveillance Sector,Strategic Chokepoint Monitoring Zone,Intelligence gathering on oil tanker movements and naval activities,"[24.0, 57.0]","[24.0, 60.0]","[26.0, 60.0]","[26.0, 57.0]"
Bay of Bengal Carrier Battle Group Operations Area,Carrier Strike Group Exercise Zone,Aircraft carrier operations and multi-ship exercises,"[12.0, 85.0]","[12.0, 90.0]","[16.0, 90.0]","[16.0, 85.0]"
Andaman Sea Maritime Interdiction Zone,Naval Blockade Training Area,Exercises for intercepting and boarding suspect vessels,"[10.0, 92.0]","[10.0, 95.0]","[14.0, 95.0]","[14.0, 92.0]"
Gujarat Coast Fast Attack Craft Patrol Sector,Littoral Combat Zone,Rapid response and coastal defense operations,"[20.0, 68.0]","[20.0, 72.0]","[23.0, 72.0]","[23.0, 68.0]"
Malacca Strait Approach Surveillance Area,Long-Range Maritime Patrol Zone,Monitoring of critical shipping lane and naval movements,"[4.0, 92.0]","[4.0, 96.0]","[8.0, 96.0]","[8.0, 92.0]"
Eastern Seaboard Submarine Patrol Area,Submarine Operations Zone,Covert surveillance and deterrence patrols,"[13.0, 80.0]","[13.0, 85.0]","[18.0, 85.0]","[18.0, 80.0]"
Nicobar Islands Maritime Strike Exercise Zone,Air-Sea Integration Training Area,Joint naval aviation and surface fleet strike exercises,"[6.0, 92.0]","[6.0, 95.0]","[9.0, 95.0]","[9.0, 92.0]"
Mumbai High Offshore Asset Protection Zone,Critical Infrastructure Defense Area,Security exercises for oil platforms and underwater pipelines,"[19.0, 71.0]","[19.0, 72.5]","[20.5, 72.5]","[20.5, 71.0]"
Kochi Naval Base Amphibious Landing Exercise Area,Amphibious Warfare Training Zone,Practice for ship-to-shore troop movements and beach assaults,"[9.5, 75.5]","[9.5, 76.5]","[10.5, 76.5]","[10.5, 75.5]"
Karwar Advanced Technology Vessel Testing Range,Naval Nuclear Propulsion Test Area,Sea trials for nuclear submarines and related technologies,"[14.5, 73.5]","[14.5, 74.5]","[15.5, 74.5]","[15.5, 73.5]"
Andaman Sea Exclusive Economic Zone Patrol Sector,Maritime Sovereignty Enforcement Zone,Long-range patrols to assert EEZ rights and deter incursions,"[8.0, 91.0]","[8.0, 95.0]","[14.0, 95.0]","[14.0, 91.0]"
Visakhapatnam Fleet Air Defense Exercise Zone,Anti-Air Warfare Training Area,Integrated air defense exercises with ships and aircraft,"[16.0, 82.0]","[16.0, 85.0]","[18.0, 85.0]","[18.0, 82.0]"
Lakshadweep Sea Anti-Piracy Patrol Zone,Counter-Piracy Operations Area,Patrols and exercises to combat piracy and armed robbery at sea,"[8.0, 70.0]","[8.0, 75.0]","[12.0, 75.0]","[12.0, 70.0]"
Sundarbans Delta Maritime Infiltration Prevention Zone,Coastal Security Operations Area,Counter-terrorism and anti-smuggling patrols in complex terrain,"[21.5, 88.5]","[21.5, 89.5]","[22.5, 89.5]","[22.5, 88.5]"
Goa Naval Aviation Training Sector,Maritime Patrol Aircraft Exercise Zone,Long-range maritime surveillance and ASW aircraft training,"[14.0, 72.0]","[14.0, 74.0]","[16.0, 74.0]","[16.0, 72.0]"
Port Blair Forward Operating Base Extension,Expeditionary Logistics Exercise Area,Practice for extended naval operations and logistics support,"[11.5, 92.0]","[11.5, 93.5]","[13.0, 93.5]","[13.0, 92.0]"
Kakinada Offshore Security Zone,Energy Infrastructure Defense Sector,Protection exercises for offshore gas fields and pipelines,"[16.5, 82.0]","[16.5, 83.0]","[17.5, 83.0]","[17.5, 82.0]"
Kanyakumari Peninsula Naval Blockade Exercise Area,Maritime Interdiction Operations Zone,Choke point control and sea denial exercises,"[7.5, 77.0]","[7.5, 78.5]","[9.0, 78.5]","[9.0, 77.0]"
Lakshadweep Islands Rapid Deployment Exercise Zone,Island Territory Defense Area,Quick reaction force deployment and island defense drills,"[10.0, 71.5]","[10.0, 74.0]","[12.5, 74.0]","[12.5, 71.5]"
Andaman Sea Underwater Surveillance Network,Submarine Detection Array,Testing and calibration of fixed underwater sensor systems,"[10.0, 91.5]","[10.0, 93.5]","[13.0, 93.5]","[13.0, 91.5]"
Gulf of Kutch Maritime Strike Testing Range,Anti-Ship Missile Exercise Area,Live-fire testing of ship and air-launched anti-ship missiles,"[22.0, 68.0]","[22.0, 70.0]","[23.5, 70.0]","[23.5, 68.0]"
Vizhinjam Deep Water Port Naval Facility,Forward Naval Base Development Zone,Integration exercises for new deep-water port capabilities,"[8.0, 76.5]","[8.0, 77.5]","[9.0, 77.5]","[9.0, 76.5]"
Chilika Lake Naval Air Station Operations Area,Amphibious Aircraft Training Zone,Exercises for seaplane and amphibious aircraft operations,"[19.5, 85.0]","[19.5, 85.5]","[20.0, 85.5]","[20.0, 85.0]"
Karwar Nuclear Submarine Base Security Zone,Strategic Asset Protection Area,Multi-layered defense exercises for critical naval infrastructure,"[14.5, 74.0]","[14.5, 74.5]","[15.0, 74.5]","[15.0, 74.0]"
Porbandar-Okha Coastal Defense Battery Range,Shore-Based Anti-Ship Missile Test Area,Testing and training with land-based anti-ship missile systems,"[21.5, 69.0]","[21.5, 70.0]","[22.5, 70.0]","[22.5, 69.0]"
Andaman and Nicobar Joint Amphibious Warfare Zone,Tri-Service Amphibious Operations Area,Large-scale joint exercises for amphibious assault operations,"[11.0, 92.0]","[11.0, 93.5]","[13.5, 93.5]","[13.5, 92.0]"
Kochi Naval Base Underwater Demolition Range,Special Operations Training Area,Training for naval special forces in underwater demolitions,"[9.5, 75.5]","[9.5, 76.0]","[10.0, 76.0]","[10.0, 75.5]"
Paradip-Dhamra Integrated Fleet Air Defense Sector,Multi-Layer Air Defense Exercise Zone,Coordinated ship-based and land-based air defense drills,"[20.0, 86.0]","[20.0, 87.5]","[21.0, 87.5]","[21.0, 86.0]"
Sunda Strait Approach Surveillance Zone,Long-Range Maritime Patrol Area,Monitoring naval movements between Indian and Pacific Oceans,"[-7.0, 104.0]","[-7.0, 106.0]","[-5.0, 106.0]","[-5.0, 104.0]"
Lakshadweep Sea Carrier Strike Group Exercise Area,Carrier Battle Group Operations Zone,Large-scale carrier-based air operations and fleet maneuvers,"[10.0, 70.0]","[10.0, 74.0]","[14.0, 74.0]","[14.0, 70.0]"
Andaman Sea Submarine Command and Control Exercise Zone,Submarine Communications Testing Area,Testing secure communications with submerged submarines,"[9.0, 92.0]","[9.0, 94.0]","[12.0, 94.0]","[12.0, 92.0]"
Gujarat Coast Fast Intercept Craft Training Area,Coastal Defense Rapid Response Zone,High-speed interception and boarding operation drills,"[21.0, 69.0]","[21.0, 70.0]","[22.5, 70.0]","[22.5, 69.0]"
Bay of Bengal Anti-Submarine Warfare Exercise Zone,ASW Training Area,Multi-national ASW exercises and submarine hunt drills,"[13.0, 85.0]","[13.0, 88.0]","[16.0, 88.0]","[16.0, 85.0]"
Nicobar Islands Maritime Interdiction Operations Zone,Naval Blockade Exercise Area,Practice of sea denial and maritime interdiction operations,"[6.5, 92.5]","[6.5, 94.5]","[9.0, 94.5]","[9.0, 92.5]"
Vizag Fleet Underway Replenishment Exercise Area,Logistics and Sustainment Operations Zone,Practice of at-sea refueling and resupply operations,"[16.0, 83.0]","[16.0, 85.0]","[18.0, 85.0]","[18.0, 83.0]"
Kochi Naval Base Mine Warfare Training Zone,Mine Laying and Sweeping Exercise Area,"Training in mine deployment, detection, and neutralization","[9.5, 75.0]","[9.5, 76.0]","[10.5, 76.0]","[10.5, 75.0]"
Andaman Sea Exclusive Economic Zone Patrol Sector,Maritime Sovereignty Enforcement Zone,Long-range patrols to assert EEZ rights and deter incursions,"[8.0, 91.0]","[8.0, 95.0]","[14.0, 95.0]","[14.0, 91.0]"
Arabian Sea Theater Anti-Submarine Warfare Zone,Large-Scale ASW Exercise Area,Coordinated submarine hunting operations with allied navies,"[15.0, 65.0]","[15.0, 70.0]","[20.0, 70.0]","[20.0, 65.0]"
Karwar Advanced Submarine Training Range,Submarine Tactics Development Zone,Testing of new submarine tactics and stealth technologies,"[14.0, 73.0]","[14.0, 74.0]","[15.0, 74.0]","[15.0, 73.0]"
Lakshadweep Islands Rapid Reaction Force Deployment Zone,Quick Response Exercise Area,Practice of rapid military response to island territory threats,"[10.0, 71.5]","[10.0, 74.0]","[12.5, 74.0]","[12.5, 71.5]"
Chennai Offshore Security and Interdiction Zone,Maritime Security Operations Area,Drills for protecting offshore assets and intercepting threats,"[12.5, 80.0]","[12.5, 81.5]","[14.0, 81.5]","[14.0, 80.0]"
Goa Naval Aviation Night Operations Training Sector,Nocturnal Maritime Patrol Exercise Zone,Night-time aerial surveillance and ASW aircraft training,"[14.5, 72.5]","[14.5, 74.0]","[16.0, 74.0]","[16.0, 72.5]"
Sundarbans Delta Special Operations Training Area,Riverine and Coastal Warfare Exercise Zone,Training for special forces in complex coastal environments,"[21.5, 88.5]","[21.5, 89.5]","[22.5, 89.5]","[22.5, 88.5]"
Andaman Sea Amphibious Assault Training Zone,Joint Amphibious Warfare Exercise Area,Large-scale beach landing and island capture simulations,"[11.5, 92.5]","[11.5, 93.5]","[13.0, 93.5]","[13.0, 92.5]"
Kanyakumari Peninsula Naval Air Defense Zone,Integrated Air Defense Exercise Area,Coordinated ship-based and land-based air defense drills,"[7.5, 77.0]","[7.5, 78.5]","[9.0, 78.5]","[9.0, 77.0]"
Mumbai High Offshore Asset Defense Sector,Critical Infrastructure Protection Zone,Drills for defending offshore oil and gas installations,"[19.0, 71.0]","[19.0, 72.5]","[20.5, 72.5]","[20.5, 71.0]"
Lakshadweep Sea Anti-Ship Missile Test Range,Naval Weapon Systems Evaluation Area,Live-fire testing of ship-launched anti-ship missiles,"[10.0, 70.0]","[10.0, 72.0]","[12.0, 72.0]","[12.0, 70.0]"
Visakhapatnam Submarine Launched Ballistic Missile Test Zone,Strategic Weapons Test Area,Testing and evaluation of submarine-launched ballistic missiles,"[16.0, 82.0]","[16.0, 85.0]","[18.0, 85.0]","[18.0, 82.0]"
Gulf of Mannar Maritime Border Patrol Sector,Coastal Security Operations Area,Joint patrols and exercises with Sri Lankan Navy,"[8.5, 78.0]","[8.5, 79.5]","[9.5, 79.5]","[9.5, 78.0]"
Andaman Sea Underwater Sensor Array Testing Zone,ASW Technology Evaluation Area,Development and testing of fixed underwater detection systems,"[10.0, 92.0]","[10.0, 93.5]","[12.0, 93.5]","[12.0, 92.0]"
Kakinada Deep Water Port Naval Exercise Area,Multi-Mission Naval Training Zone,Diverse naval exercises utilizing deep water port facilities,"[16.5, 82.0]","[16.5, 83.0]","[17.5, 83.0]","[17.5, 82.0]"
Karwar Nuclear Submarine Base Security Zone,Strategic Asset Protection Area,Multi-layered defense exercises for critical naval infrastructure,"[14.5, 74.0]","[14.5, 74.5]","[15.0, 74.5]","[15.0, 74.0]"
Chilika Lake Naval Air Station Operations Area,Maritime Patrol Aircraft Training Zone,Anti-submarine warfare and maritime surveillance flight training,"[19.5, 85.0]","[19.5, 85.5]","[20.0, 85.5]","[20.0, 85.0]"
Kochi Naval Base Underwater Demolition Range,Special Operations Training Area,Training for naval special forces in underwater demolitions,"[9.5, 75.5]","[9.5, 76.0]","[10.0, 76.0]","[10.0, 75.5]"
Porbandar-Okha Coastal Defense Battery Range,Shore-Based Anti-Ship Missile Test Area,Testing and training with land-based anti-ship missile systems,"[21.5, 69.0]","[21.5, 70.0]","[22.5, 70.0]","[22.5, 69.0]"
Andaman and Nicobar Joint Amphibious Warfare Zone,Tri-Service Amphibious Operations Area,Large-scale joint exercises for amphibious assault operations,"[11.0, 92.0]","[11.0, 93.5]","[13.5, 93.5]","[13.5, 92.0]"
Lakshadweep Sea Extended Anti-Piracy Patrol Zone,Far Sea Counter-Piracy Area,Long-range patrols to combat piracy in western Arabian Sea,"[8.0, 68.0]","[8.0, 72.0]","[12.0, 72.0]","[12.0, 68.0]"
Bay of Bengal Ballistic Missile Defense Test Range,Strategic Defense Systems Evaluation Zone,Testing of ship-based and land-based BMD systems,"[15.0, 85.0]","[15.0, 88.0]","[18.0, 88.0]","[18.0, 85.0]"
Goa Naval Aviation Night Operations Training Sector,Nocturnal Maritime Patrol Exercise Zone,Night-time aerial surveillance and ASW aircraft training,"[14.5, 72.5]","[14.5, 74.0]","[16.0, 74.0]","[16.0, 72.5]"
Paradip-Dhamra Integrated Fleet Air Defense Sector,Multi-Layer Air Defense Exercise Zone,Coordinated ship-based and land-based air defense drills,"[20.0, 86.0]","[20.0, 87.5]","[21.0, 87.5]","[21.0, 86.0]"
Kalpakkam Nuclear Facility Maritime Security Zone,Critical Infrastructure Protection Area,Naval security exercises for coastal nuclear installations,"[12.3, 80.0]","[12.3, 80.3]","[12.6, 80.3]","[12.6, 80.0]"
Andaman Sea Extended Maritime Patrol Zone,Long-Range Surveillance Area,Extended endurance patrols for maritime domain awareness,"[6.0, 91.0]","[6.0, 95.0]","[10.0, 95.0]","[10.0, 91.0]"
Gujarat Coast Fast Attack Craft Training Area,Littoral Combat Exercise Zone,High-speed intercept and close-quarters combat drills,"[21.0, 69.0]","[21.0, 70.0]","[22.5, 70.0]","[22.5, 69.0]"
Trincomalee Approach Monitoring Zone,Strategic Observation Area,Surveillance of naval activities near Sri Lankan waters,"[8.0, 81.0]","[8.0, 82.5]","[9.5, 82.5]","[9.5, 81.0]"
Visakhapatnam Submarine Rescue Exercise Area,Deep Submergence Rescue Vehicle (DSRV) Operations Zone,Training and readiness drills for submarine rescue scenarios,"[17.0, 83.0]","[17.0, 84.0]","[18.0, 84.0]","[18.0, 83.0]"
Lakshadweep Islands Maritime Interdiction Zone,Naval Blockade Simulation Area,Exercises in enforcing maritime exclusion zones,"[10.0, 71.5]","[10.0, 74.0]","[12.5, 74.0]","[12.5, 71.5]"
Sundarbans Delta Riverine Warfare Training Area,Shallow Water Combat Zone,Specialized training for operations in complex delta environments,"[21.5, 88.5]","[21.5, 89.5]","[22.5, 89.5]","[22.5, 88.5]"
Karwar Advanced Technology Vessel (ATV) Testing Range,Nuclear Submarine Trial Area,Sea trials and testing of indigenous nuclear submarines,"[14.5, 73.5]","[14.5, 74.5]","[15.5, 74.5]","[15.5, 73.5]"
Kochi Naval Base Mine Countermeasures Exercise Area,Mine Warfare Training Zone,"Training in detection, sweeping, and neutralization of naval mines","[9.5, 75.5]","[9.5, 76.5]","[10.5, 76.5]","[10.5, 75.5]"
Car Nicobar Air Base Maritime Strike Exercise Zone,Air-to-Surface Attack Training Area,Practice of air-launched anti-ship missile strikes,"[8.0, 92.0]","[8.0, 94.0]","[10.0, 94.0]","[10.0, 92.0]"
Kakinada Offshore Security Zone,Energy Infrastructure Defense Sector,Protection exercises for offshore gas fields and pipelines,"[16.5, 82.0]","[16.5, 83.0]","[17.5, 83.0]","[17.5, 82.0]"
Mumbai Harbor Underwater Defense System Testing Area,Port Security Technology Evaluation Zone,Trials of advanced underwater surveillance and defense systems,"[18.8, 72.8]","[18.8, 73.0]","[19.0, 73.0]","[19.0, 72.8]"
Andaman Sea Exclusive Economic Zone Enforcement Area,Maritime Law Enforcement Training Zone,Exercises in asserting sovereignty and enforcing maritime law,"[10.0, 91.0]","[10.0, 95.0]","[14.0, 95.0]","[14.0, 91.0]"
Porbandar Forward Operating Base Extension,Rapid Deployment Exercise Area,Drills for quick response to Arabian Sea contingencies,"[21.5, 69.0]","[21.5, 70.0]","[22.5, 70.0]","[22.5, 69.0]"
Lakshadweep Sea Carrier Strike Group Maneuver Zone,Large-Scale Naval Formation Exercise Area,Complex battle group tactics and coordination drills,"[10.0, 70.0]","[10.0, 74.0]","[14.0, 74.0]","[14.0, 70.0]"
Visakhapatnam Advanced Submarine Warfare Training Area,Submarine Tactics Development Zone,Testing of cutting-edge submarine combat strategies,"[16.0, 82.0]","[16.0, 84.0]","[18.0, 84.0]","[18.0, 82.0]"
Gulf of Khambhat Maritime Choke Point Defense Zone,Strategic Waterway Control Exercise Area,Drills for controlling and defending narrow sea passages,"[21.0, 72.0]","[21.0, 72.5]","[22.0, 72.5]","[22.0, 72.0]"
Andaman Sea Underwater Surveillance Network,ASW Sensor Array Testing Zone,Evaluation of fixed and mobile underwater detection systems,"[11.0, 92.0]","[11.0, 94.0]","[13.0, 94.0]","[13.0, 92.0]"
Chennai Offshore Security and Interdiction Zone,Maritime Security Operations Area,Drills for protecting offshore assets and intercepting threats,"[12.5, 80.0]","[12.5, 81.5]","[14.0, 81.5]","[14.0, 80.0]"
Karwar Nuclear Submarine Base Deep Water Training Area,Submarine Deep Dive Exercise Zone,Extreme depth operations and emergency procedure drills,"[14.0, 73.0]","[14.0, 74.0]","[15.0, 74.0]","[15.0, 73.0]"
Kochi Naval Air Station Anti-Submarine Warfare Zone,Maritime Patrol Aircraft ASW Training Area,Coordination exercises between aircraft and surface ships for ASW,"[9.0, 75.0]","[9.0, 76.5]","[10.5, 76.5]","[10.5, 75.0]"
Kavaratti Island Maritime Domain Awareness Center,Long-Range Surveillance Hub,Integrated sensor data analysis and threat assessment exercises,"[10.0, 71.5]","[10.0, 73.0]","[11.0, 73.0]","[11.0, 71.5]"
Gulf of Mannar Special Operations Training Zone,Clandestine Warfare Exercise Area,Naval special forces infiltration and exfiltration drills,"[8.5, 78.0]","[8.5, 79.5]","[9.5, 79.5]","[9.5, 78.0]"
Paradip Port Approach Defense Sector,Harbor Protection Exercise Zone,Multi-layer defense drills for critical port infrastructure,"[19.5, 86.0]","[19.5, 87.0]","[20.5, 87.0]","[20.5, 86.0]"
Little Andaman Island Forward Operating Base,Remote Island Defense Exercise Area,Long-range patrol and island territory protection drills,"[10.0, 92.0]","[10.0, 93.0]","[11.0, 93.0]","[11.0, 92.0]"
Dwarka-Okha Coastal Artillery Range,Shore-Based Naval Gun Exercise Area,Live-fire training for coastal defense artillery systems,"[22.0, 68.5]","[22.0, 69.5]","[23.0, 69.5]","[23.0, 68.5]"
Hooghly River Estuary Naval Patrol Sector,Riverine and Coastal Security Zone,Joint navy-coast guard patrols and anti-infiltration exercises,"[21.5, 87.5]","[21.5, 88.5]","[22.5, 88.5]","[22.5, 87.5]"
Minicoy Island Maritime Surveillance Outpost,Remote Sensing and Early Warning Station,Long-range radar and ELINT training exercises,"[8.0, 72.5]","[8.0, 73.5]","[9.0, 73.5]","[9.0, 72.5]"
Kalpeni-Androth Islands Maritime Patrol Corridor,Inter-Island Security Zone,Fast patrol vessel operations and island hopping exercises,"[10.0, 73.5]","[10.0, 74.5]","[11.0, 74.5]","[11.0, 73.5]"
Karwar Underwater Stealth Technology Testing Range,Acoustic Signature Reduction Zone,Evaluation of submarine and surface ship noise reduction technologies,"[14.5, 73.5]","[14.5, 74.5]","[15.5, 74.5]","[15.5, 73.5]"
Chilika Lake Amphibious Aircraft Operations Area,Seaplane and Flying Boat Exercise Zone,Training for maritime patrol and search-and-rescue seaplanes,"[19.5, 85.0]","[19.5, 85.5]","[20.0, 85.5]","[20.0, 85.0]"
Kachchh Peninsula Coastal Radar Network,Integrated Coastal Surveillance System,Exercises in coordinating multiple radar stations for maritime awareness,"[22.5, 68.5]","[22.5, 70.5]","[24.0, 70.5]","[24.0, 68.5]"
Vizhinjam Deep Water Port Naval Facility,Advanced Naval Base Exercise Area,Integration drills for new deep-water port capabilities,"[8.0, 76.5]","[8.0, 77.5]","[9.0, 77.5]","[9.0, 76.5]"
Sunderban Delta Riverine Warfare School,Shallow Water Combat Training Zone,Specialized training for naval commandos in mangrove environments,"[21.5, 88.5]","[21.5, 89.5]","[22.5, 89.5]","[22.5, 88.5]"
Port Blair Joint Operations Command Center,Tri-Service Coordination Exercise Zone,"Integrated exercises for navy, air force, and army in Andaman & Nicobar","[11.5, 92.5]","[11.5, 93.0]","[12.0, 93.0]","[12.0, 92.5]"
Lakshadweep Sea Anti-Satellite Weapon Test Range,Strategic Weapons Evaluation Area,Testing of ship-based anti-satellite missile systems,"[10.0, 70.0]","[10.0, 74.0]","[14.0, 74.0]","[14.0, 70.0]"
Andaman Sea Underwater Cave Operations Zone,Special Forces Covert Training Area,Exercises for naval commandos in underwater cave systems,"[12.0, 93.0]","[12.0, 93.5]","[12.5, 93.5]","[12.5, 93.0]"
INS Kadamba Extended Maritime Security Zone,Strategic Naval Base Defense Sector,Multi-layer defense exercises for India's largest naval base,"[14.5, 74.0]","[14.5, 74.5]","[15.0, 74.5]","[15.0, 74.0]"
Andaman Islands Covert Insertion Training Zone,Island Infiltration Exercise Area,Practice of clandestine insertion techniques in tropical island environments,"[12.0, 92.5]","[12.0, 93.0]","[13.0, 93.0]","[13.0, 92.5]"
Lakshadweep Sea Special Reconnaissance Sector,Maritime Intelligence Gathering Exercise Zone,Training in covert observation and data collection in archipelagic waters,"[10.0, 72.0]","[10.0, 73.0]","[11.0, 73.0]","[11.0, 72.0]"
Gujarat Coast Underwater Demolition Range,Subsurface Special Operations Training Area,Exercises in underwater demolitions and covert maritime sabotage,"[21.0, 69.0]","[21.0, 70.0]","[22.0, 70.0]","[22.0, 69.0]"
Visakhapatnam Advanced SEAL Training Facility,Multi-Environment Special Ops Exercise Zone,Comprehensive training for naval special forces in various maritime scenarios,"[17.0, 83.0]","[17.0, 83.5]","[17.5, 83.5]","[17.5, 83.0]"
Sundarbans Delta Riverine Operations Area,Complex Waterway Infiltration Zone,Training in special operations within intricate river and mangrove systems,"[21.5, 88.5]","[21.5, 89.0]","[22.0, 89.0]","[22.0, 88.5]"
Karwar Underwater Special Operations Complex,Advanced Subsurface Training Facility,Specialized training in submarine-based special operations and lock-out techniques,"[14.5, 74.0]","[14.5, 74.5]","[15.0, 74.5]","[15.0, 74.0]"
Port Blair Maritime Counter-Terrorism Center,Anti-Piracy and Counter-Terror Training Zone,"Exercises in vessel boarding, hostage rescue, and maritime counter-terrorism","[11.5, 92.5]","[11.5, 93.0]","[12.0, 93.0]","[12.0, 92.5]"
Kochi Special Boat Unit Training Area,High-Speed Tactical Boat Operations Zone,Training in rapid deployment and extraction using specialized watercraft,"[9.5, 76.0]","[9.5, 76.5]","[10.0, 76.5]","[10.0, 76.0]"
Car Nicobar Island Airborne Insertion Zone,Parachute and HALO Jump Training Area,Practice of airborne insertion techniques for maritime special operations,"[9.0, 92.5]","[9.0, 93.0]","[9.5, 93.0]","[9.5, 92.5]"
Chilika Lake Amphibious Recon Training Sector,Coastal Wetland Special Ops Exercise Area,Training in amphibious reconnaissance in diverse coastal environments,"[19.5, 85.0]","[19.5, 85.5]","[20.0, 85.5]","[20.0, 85.0]"
Minicoy Island Maritime Asset Recovery Zone,Underwater Salvage Operations Training Area,Exercises in covert recovery of sensitive equipment from the seabed,"[8.0, 73.0]","[8.0, 73.5]","[8.5, 73.5]","[8.5, 73.0]"
Kakinada Offshore Platform Security Training Area,Critical Infrastructure Defense Exercise Zone,Special ops training for protection and recapture of offshore installations,"[16.5, 82.5]","[16.5, 83.0]","[17.0, 83.0]","[17.0, 82.5]"
Lakshadweep Sea Submarine Special Ops Zone,Submerged Launch and Recovery Exercise Area,Training in special operations launched from submarines,"[11.0, 71.0]","[11.0, 72.0]","[12.0, 72.0]","[12.0, 71.0]"
Gulf of Kutch Maritime Sabotage Training Range,Covert Maritime Interdiction Exercise Area,Practice of clandestine ship disabling and boarding techniques,"[22.5, 69.0]","[22.5, 70.0]","[23.5, 70.0]","[23.5, 69.0]"
Little Andaman Island Jungle Warfare Training Zone,Tropical Forest Special Ops Exercise Area,Training in special operations combining maritime and jungle warfare,"[10.5, 92.0]","[10.5, 92.5]","[11.0, 92.5]","[11.0, 92.0]"
Goa Advanced Combat Diver Training Facility,Underwater Combat Skills Development Zone,Specialized training in advanced diving and underwater combat techniques,"[15.0, 73.5]","[15.0, 74.0]","[15.5, 74.0]","[15.5, 73.5]"
Paradip Port Underwater Obstacle Course,Maritime Special Forces Endurance Training Area,Advanced physical and skill training for naval special operations personnel,"[20.0, 86.5]","[20.0, 87.0]","[20.5, 87.0]","[20.5, 86.5]"
Andaman Sea Deep Water Insertion Training Zone,Extreme Depth Special Operations Exercise Area,Training in ultra-deep water insertion and extraction techniques,"[10.0, 91.0]","[10.0, 92.0]","[11.0, 92.0]","[11.0, 91.0]"
Dwarka Coast Night Operations Training Sector,Low-Light Maritime Special Ops Exercise Zone,Practice of special operations under extreme low-light conditions,"[22.0, 68.5]","[22.0, 69.0]","[22.5, 69.0]","[22.5, 68.5]"
Kavatti Island Covert Communication Hub,Special Ops Signal Intelligence Training Area,Exercises in establishing and operating covert communication networks,"[10.5, 72.5]","[10.5, 73.0]","[11.0, 73.0]","[11.0, 72.5]"
Mumbai Harbor Underwater Infiltration Course,Port Security Breach Simulation Zone,Training in covert underwater entry into heavily guarded port facilities,"[18.8, 72.8]","[18.8, 73.0]","[19.0, 73.0]","[19.0, 72.8]"
Nicobar Islands Maritime Survival Training Area,Extreme Environment Endurance Exercise Zone,Special ops survival training in remote maritime and jungle environments,"[7.0, 93.5]","[7.0, 94.0]","[7.5, 94.0]","[7.5, 93.5]"
Bhitarkanika Mangrove Infiltration Course,Coastal Wetland Covert Movement Training Zone,Practice of stealthy navigation and operation in mangrove ecosystems,"[20.5, 86.5]","[20.5, 87.0]","[21.0, 87.0]","[21.0, 86.5]"
Lakshadweep Sea VBSS Training Area,"Visit, Board, Search and Seizure Exercise Zone",Advanced training in maritime interdiction and vessel takeover operations,"[10.0, 73.0]","[10.0, 74.0]","[11.0, 74.0]","[11.0, 73.0]"
Rann of Kutch Amphibious Special Ops Zone,Salt Marsh Covert Operations Training Area,Specialized training for operations in unique salt marsh environments,"[23.5, 69.5]","[23.5, 70.5]","[24.5, 70.5]","[24.5, 69.5]"
Strait of Hormuz Surveillance Zone,Critical Oil Transit Chokepoint,Monitoring of oil tanker traffic and regional tensions,"[26.5, 56.0]","[26.5, 57.0]","[27.5, 57.0]","[27.5, 56.0]"
Bab-el-Mandeb Strait Monitoring Area,Strategic Waterway Observation Point,Surveillance of maritime traffic between Red Sea and Gulf of Aden,"[12.5, 43.0]","[12.5, 44.0]","[13.5, 44.0]","[13.5, 43.0]"
Malacca Strait Approach Surveillance Sector,Major Trade Route Monitoring Zone,Observation of vessel movements in critical Southeast Asian waterway,"[4.0, 96.0]","[4.0, 100.0]","[6.0, 100.0]","[6.0, 96.0]"
Nine Degree Channel Patrol Area,Lakshadweep Sea Lane Security Zone,Monitoring of maritime traffic passing through Lakshadweep Islands,"[8.0, 72.0]","[8.0, 76.0]","[10.0, 76.0]","[10.0, 72.0]"
Palk Strait Surveillance Sector,India-Sri Lanka Maritime Border Zone,Monitoring of fishing activities and prevention of smuggling,"[9.0, 79.0]","[9.0, 80.0]","[10.0, 80.0]","[10.0, 79.0]"
Sunda Strait Approach Monitoring Zone,Alternative Malacca Strait Route Observation Area,Surveillance of vessels using alternative route to South China Sea,"[-7.0, 104.0]","[-7.0, 106.0]","[-5.0, 106.0]","[-5.0, 104.0]"
Mozambique Channel Patrol Zone,Southern Indian Ocean Trade Route Surveillance Area,Monitoring of maritime traffic and anti-piracy operations,"[-18.0, 38.0]","[-18.0, 42.0]","[-12.0, 42.0]","[-12.0, 38.0]"
Gulf of Oman Surveillance Area,Western Indian Ocean Maritime Awareness Zone,Monitoring of vessel movements entering/exiting Persian Gulf,"[24.0, 58.0]","[24.0, 62.0]","[26.0, 62.0]","[26.0, 58.0]"
Andaman Sea - Bay of Bengal Junction,Critical Maritime Crossroads Observation Zone,Monitoring of traffic transitioning between Andaman Sea and Bay of Bengal,"[10.0, 92.0]","[10.0, 95.0]","[14.0, 95.0]","[14.0, 92.0]"
Laccadive Sea Gateway,Western Indian Ocean Access Point,Monitoring of vessel traffic entering Indian EEZ from the west,"[8.0, 74.0]","[8.0, 76.0]","[12.0, 76.0]","[12.0, 74.0]"
Preparis Channel Observation Zone,India-Myanmar Maritime Border Area,Surveillance of northern Andaman Sea and maritime boundary,"[14.0, 93.0]","[14.0, 95.0]","[15.5, 95.0]","[15.5, 93.0]"
Gulf of Kutch Entrance Surveillance Sector,Critical Oil Terminal Approach Zone,Monitoring of tanker traffic and offshore installation security,"[22.0, 68.0]","[22.0, 70.0]","[23.5, 70.0]","[23.5, 68.0]"
Dondra Head Monitoring Area,Southern Sri Lanka Traffic Separation Scheme,Observation of east-west maritime traffic south of Sri Lanka,"[5.5, 80.0]","[5.5, 82.0]","[7.0, 82.0]","[7.0, 80.0]"
Kori Creek Border Patrol Sector,India-Pakistan Maritime Frontier Zone,Monitoring of maritime border and prevention of illegal activities,"[23.0, 68.0]","[23.0, 69.0]","[24.0, 69.0]","[24.0, 68.0]"
Ten Degree Channel Surveillance Area,Andaman Islands Strategic Waterway,Monitoring of maritime traffic between Andaman and Nicobar Islands,"[9.0, 91.5]","[9.0, 93.5]","[11.0, 93.5]","[11.0, 91.5]"
Palk Bay Coastal Monitoring Zone,Shallow Water Surveillance Area,Monitoring of local fishing activities and cross-border movements,"[9.5, 79.0]","[9.5, 80.0]","[10.5, 80.0]","[10.5, 79.0]"
Colombo Approach Observation Sector,Major Port Vicinity Monitoring Zone,Surveillance of vessel traffic approaching key Sri Lankan port,"[6.5, 79.0]","[6.5, 80.0]","[7.5, 80.0]","[7.5, 79.0]"
Gulf of Khambhat Entrance Patrol Area,High Tidal Range Navigation Zone,Monitoring of vessel movements in challenging tidal conditions,"[21.0, 71.5]","[21.0, 72.5]","[22.0, 72.5]","[22.0, 71.5]"
Minicoy Island Maritime Buffer Zone,Southernmost Indian Territory Surveillance Area,Monitoring of vessel traffic near southern Lakshadweep,"[8.0, 72.5]","[8.0, 73.5]","[9.0, 73.5]","[9.0, 72.5]"
Gwadar Port Approach Monitoring Zone,Chinese-operated Port Surveillance Area,Observation of maritime activities around strategic Pakistani port,"[24.5, 61.5]","[24.5, 62.5]","[25.5, 62.5]","[25.5, 61.5]"
Trincomalee Harbor Approach Watch Area,Strategic Sri Lankan Port Monitoring Zone,Surveillance of vessel movements near major naval base,"[8.5, 81.0]","[8.5, 82.0]","[9.5, 82.0]","[9.5, 81.0]"
Sundarbans Delta Maritime Frontier,India-Bangladesh Riverine Border Zone,Monitoring of complex waterways and prevention of illegal crossings,"[21.5, 88.5]","[21.5, 89.5]","[22.5, 89.5]","[22.5, 88.5]"
Car Nicobar - Nancowry Channel,Inter-Island Passage Surveillance Zone,Monitoring of vessel movements between central Nicobar Islands,"[8.0, 92.5]","[8.0, 93.5]","[9.0, 93.5]","[9.0, 92.5]"
Indira Point Maritime Frontier,Southernmost Indian Territory Watch Zone,Surveillance of approaches to Nicobar Islands from the south,"[6.5, 93.5]","[6.5, 94.5]","[7.5, 94.5]","[7.5, 93.5]"
Arabian Sea Western Patrol Zone,Naval Patrol Area,Anti-piracy operations and maritime security,"[14.0, 60.0]","[14.0, 65.0]","[20.0, 65.0]","[20.0, 60.0]"
Lakshadweep Sea Surveillance Zone,Maritime Surveillance Area,Protection of island territories and EEZ monitoring,"[8.0, 71.0]","[8.0, 74.0]","[12.0, 74.0]","[12.0, 71.0]"
Bay of Bengal Eastern Fleet Operating Area,Naval Exercise Zone,Fleet readiness and interoperability training,"[12.0, 85.0]","[12.0, 90.0]","[16.0, 90.0]","[16.0, 85.0]"
Andaman Sea Strategic Passage,Critical Maritime Chokepoint,Monitoring of maritime traffic near Andaman Islands,"[10.0, 92.0]","[10.0, 94.0]","[14.0, 94.0]","[14.0, 92.0]"
Gulf of Mannar Patrol Sector,Coastal Security Zone,Prevention of illegal activities and resource protection,"[8.0, 78.0]","[8.0, 79.5]","[9.5, 79.5]","[9.5, 78.0]"
Mumbai High Offshore Security Zone,Critical Infrastructure Protection Area,Security of offshore oil and gas installations,"[19.0, 71.0]","[19.0, 72.5]","[20.5, 72.5]","[20.5, 71.0]"
Strait of Hormuz Approach Monitoring Area,Strategic Observation Zone,Monitoring of oil tanker traffic and regional tensions,"[24.0, 58.0]","[24.0, 60.0]","[26.0, 60.0]","[26.0, 58.0]"
Southern Bay of Bengal ASW Training Area,Anti-Submarine Warfare Exercise Zone,Submarine detection and engagement practice,"[5.0, 85.0]","[5.0, 90.0]","[10.0, 90.0]","[10.0, 85.0]"
Goa Naval Air Station Patrol Sector,Maritime Air Patrol Zone,Aerial surveillance and SAR operations,"[14.5, 73.0]","[14.5, 74.5]","[16.0, 74.5]","[16.0, 73.0]"
Nicobar Islands Southern Approach,Maritime Border Surveillance Zone,Monitoring of southern maritime border and ship traffic,"[6.0, 92.0]","[6.0, 95.0]","[8.0, 95.0]","[8.0, 92.0]"
Gujarat Coastal Patrol Area,Coastal Security Zone,Monitoring of maritime border with Pakistan,"[20.0, 68.0]","[20.0, 70.0]","[23.0, 70.0]","[23.0, 68.0]"
Eastern Arabian Sea Anti-Piracy Zone,Counter-Piracy Patrol Area,Prevention of piracy and armed robbery at sea,"[12.0, 65.0]","[12.0, 70.0]","[16.0, 70.0]","[16.0, 65.0]"
Kochi Naval Base Operating Area,Naval Exercise Zone,Training and readiness operations for Southern Naval Command,"[9.0, 75.0]","[9.0, 77.0]","[11.0, 77.0]","[11.0, 75.0]"
Malacca Strait Approach Monitoring Zone,Strategic Maritime Chokepoint,Surveillance of critical shipping lane,"[4.0, 94.0]","[4.0, 98.0]","[6.0, 98.0]","[6.0, 94.0]"
Vishakhapatnam Fleet Exercise Area,Naval Exercise Zone,Eastern Fleet combat readiness drills,"[15.0, 82.0]","[15.0, 84.0]","[17.0, 84.0]","[17.0, 82.0]"
Trincomalee Approach Monitoring Zone,Strategic Observation Area,Monitoring naval activities near Sri Lankan waters,"[8.0, 81.0]","[8.0, 82.5]","[9.5, 82.5]","[9.5, 81.0]"
North Arabian Sea Extended Patrol Zone,Maritime Security Patrol Area,Counter-terrorism and anti-smuggling operations,"[20.0, 60.0]","[20.0, 65.0]","[24.0, 65.0]","[24.0, 60.0]"
Sundarbans Delta Maritime Surveillance Area,Coastal Security Zone,Monitoring of sensitive ecosystem and prevention of illegal activities,"[21.0, 88.0]","[21.0, 89.5]","[22.5, 89.5]","[22.5, 88.0]"
Port Blair Naval Command Operational Area,Naval Command Zone,Andaman and Nicobar Command's primary operational space,"[11.0, 92.0]","[11.0, 93.5]","[12.5, 93.5]","[12.5, 92.0]"
Karwar Naval Base Exercise Zone,Naval Training Area,Western Fleet training and readiness operations,"[14.0, 73.5]","[14.0, 74.5]","[15.0, 74.5]","[15.0, 73.5]"
Gulf of Kutch Maritime Patrol Sector,Coastal Patrol Zone,Monitoring of oil tanker traffic and offshore installations,"[22.0, 68.0]","[22.0, 70.0]","[23.5, 70.0]","[23.5, 68.0]"
Cochin Shipyard Security Zone,Critical Infrastructure Protection Area,Security of strategic shipbuilding facilities,"[9.5, 76.0]","[9.5, 76.5]","[10.0, 76.5]","[10.0, 76.0]"
Paradip Port Approach Surveillance Area,Port Security Zone,Monitoring of merchant vessel traffic and port security,"[19.5, 86.5]","[19.5, 87.0]","[20.5, 87.0]","[20.5, 86.5]"
Laccadive Sea Anti-Submarine Patrol Zone,ASW Operations Area,Submarine detection and tracking exercises,"[7.0, 74.0]","[7.0, 76.0]","[9.0, 76.0]","[9.0, 74.0]"
Gwadar Port Monitoring Zone,Strategic Observation Area,Surveillance of Chinese naval activities in Pakistan,"[24.5, 61.5]","[24.5, 62.5]","[25.5, 62.5]","[25.5, 61.5]"
Kavaratti Island Maritime Security Zone,Island Territory Protection Area,Security of Lakshadweep administrative capital,"[10.5, 72.0]","[10.5, 73.0]","[11.5, 73.0]","[11.5, 72.0]"
Porbandar Coastal Surveillance Sector,Coastal Monitoring Zone,Maritime border surveillance near Pakistan,"[21.0, 69.0]","[21.0, 70.0]","[22.0, 70.0]","[22.0, 69.0]"
Campbell Bay Forward Operating Base,Naval Outpost Zone,Southernmost Indian military base for Strait of Malacca surveillance,"[6.5, 93.5]","[6.5, 94.5]","[7.5, 94.5]","[7.5, 93.5]"
Kadmat Island Exclusive Economic Zone Patrol,EEZ Protection Area,Monitoring of fishing activities and resource protection,"[11.0, 72.0]","[11.0, 73.0]","[12.0, 73.0]","[12.0, 72.0]"
Kanyakumari Maritime Junction Observation Zone,Strategic Waterway Monitoring Area,Surveillance of ships transitioning between Arabian Sea and Bay of Bengal,"[7.0, 77.0]","[7.0, 78.5]","[8.5, 78.5]","[8.5, 77.0]"
Chilika Lake Naval Air Station Patrol Sector,Naval Aviation Operations Area,Maritime patrol aircraft training and operations,"[19.0, 85.0]","[19.0, 86.0]","[20.0, 86.0]","[20.0, 85.0]"
Bhavnagar Shipbreaking Monitoring Zone,Environmental Security Area,Surveillance of ship dismantling activities and pollution prevention,"[21.0, 72.0]","[21.0, 72.5]","[21.5, 72.5]","[21.5, 72.0]"
Andaman Sea Humanitarian Assistance and Disaster Relief Zone,HADR Preparedness Area,Staging area for rapid response to natural disasters in the region,"[10.0, 91.0]","[10.0, 93.0]","[12.0, 93.0]","[12.0, 91.0]"
Lakshadweep Anti-Poaching Patrol Sector,Fisheries Protection Zone,Prevention of illegal fishing and protection of marine resources,"[10.0, 71.5]","[10.0, 73.5]","[12.0, 73.5]","[12.0, 71.5]"
Sunda Strait Approach Monitoring Zone,Strategic Chokepoint Surveillance Area,Monitoring maritime traffic between Indian and Pacific Oceans,"[-7.0, 104.0]","[-7.0, 106.0]","[-5.0, 106.0]","[-5.0, 104.0]"
Minicoy Island Forward Operating Base,Naval Outpost Zone,Southernmost base in Lakshadweep for extended maritime patrols,"[8.0, 72.5]","[8.0, 73.5]","[9.0, 73.5]","[9.0, 72.5]"
Kochi Underwater Acoustic Range,Submarine Testing Area,Calibration and testing of submarine sonar systems,"[9.5, 75.5]","[9.5, 76.5]","[10.5, 76.5]","[10.5, 75.5]"
Car Nicobar Air Base Patrol Sector,Air Defense Identification Zone,Aerial surveillance and interception operations,"[8.0, 92.0]","[8.0, 94.0]","[10.0, 94.0]","[10.0, 92.0]"
Preparis Channel Monitoring Area,Maritime Border Surveillance Zone,Monitoring of India-Myanmar maritime border,"[14.0, 93.0]","[14.0, 95.0]","[15.5, 95.0]","[15.5, 93.0]"
Gulf of Mannar Biosphere Reserve Patrol Zone,Marine Protected Area,Conservation enforcement and anti-poaching operations,"[8.5, 78.0]","[8.5, 79.5]","[9.5, 79.5]","[9.5, 78.0]"
Visakhapatnam Submarine Base Security Zone,Critical Naval Infrastructure Protection Area,Security of submarine pens and support facilities,"[17.5, 83.0]","[17.5, 83.5]","[18.0, 83.5]","[18.0, 83.0]"
Dwarka Offshore Wind Farm Security Zone,Renewable Energy Infrastructure Protection Area,Security of offshore wind installations,"[22.0, 68.5]","[22.0, 69.5]","[23.0, 69.5]","[23.0, 68.5]"
Kakinada Deep Water Port Approach Zone,Port Security Area,Monitoring of large vessel traffic and anti-smuggling operations,"[16.5, 82.0]","[16.5, 82.5]","[17.0, 82.5]","[17.0, 82.0]"
Little Andaman Island Radar Station Coverage,Long-Range Radar Surveillance Zone,Early warning and maritime domain awareness,"[10.0, 91.5]","[10.0, 93.5]","[11.5, 93.5]","[11.5, 91.5]"
Karwar Advanced Technology Vessel (ATV) Testing Range,Nuclear Submarine Trial Area,Sea trials and testing of indigenous nuclear submarines,"[14.5, 73.5]","[14.5, 74.5]","[15.5, 74.5]","[15.5, 73.5]"
Rameswaram Coastal Security Network,Integrated Coastal Surveillance System,Monitoring of Palk Strait and prevention of illegal activities,"[9.0, 79.0]","[9.0, 79.5]","[9.5, 79.5]","[9.5, 79.0]"
Andaman Sea Exclusive Economic Zone Enforcement Area,EEZ Protection Zone,Resource protection and law enforcement in distant EEZ,"[6.0, 91.0]","[6.0, 95.0]","[10.0, 95.0]","[10.0, 91.0]"
Goa Shipyard Limited Security Perimeter,Naval Shipbuilding Facility Protection Zone,Security of warship construction and repair facilities,"[15.3, 73.7]","[15.3, 74.0]","[15.5, 74.0]","[15.5, 73.7]"
Konkan Coast Mine Countermeasures Exercise Area,Naval Mine Warfare Training Zone,Training in detection and neutralization of naval mines,"[15.0, 72.5]","[15.0, 73.5]","[16.0, 73.5]","[16.0, 72.5]"
Kalpakkam Nuclear Power Plant Maritime Security Zone,Critical Infrastructure Protection Area,Security of coastal nuclear installations,"[12.3, 80.0]","[12.3, 80.3]","[12.6, 80.3]","[12.6, 80.0]"
Katchal Island Forward Operating Base,Remote Island Naval Outpost,Extended range patrols and surveillance in Andaman Sea,"[7.5, 93.0]","[7.5, 94.0]","[8.5, 94.0]","[8.5, 93.0]"
Hooghly River Estuary Patrol Zone,Riverine and Coastal Patrol Area,Security of approach to Kolkata Port and prevention of smuggling,"[21.5, 87.5]","[21.5, 88.5]","[22.5, 88.5]","[22.5, 87.5]"
Lakshadweep Sea Underwater Acoustic Surveillance System,Submarine Detection Network,Long-range detection of submarine movements,"[8.0, 72.0]","[8.0, 74.0]","[12.0, 74.0]","[12.0, 72.0]"
Netrani Island Naval Gunnery Range,Naval Weapons Testing Area,Live-fire exercises and weapons calibration,"[14.0, 74.0]","[14.0, 74.5]","[14.5, 74.5]","[14.5, 74.0]"
Kutch Creek Amphibious Training Zone,Amphibious Warfare Exercise Area,Training for amphibious landing operations,"[23.0, 68.5]","[23.0, 69.5]","[23.5, 69.5]","[23.5, 68.5]"
Mahanadi Delta Coastal Surveillance Network,Integrated Coastal Defense System,Monitoring of coastal waters and prevention of infiltration,"[19.5, 85.5]","[19.5, 87.0]","[20.5, 87.0]","[20.5, 85.5]"
Sagar Island Maritime Security Zone,Estuarine Patrol Area,Security of Hooghly River mouth and coastal surveillance,"[21.5, 88.0]","[21.5, 88.5]","[22.0, 88.5]","[22.0, 88.0]"
Kavaratti Underwater Acoustic Range,Sonar Testing Facility,Calibration and testing of naval sonar systems,"[10.0, 71.5]","[10.0, 72.5]","[11.0, 72.5]","[11.0, 71.5]"
Karwar Nuclear Submarine Base Security Zone,Strategic Asset Protection Area,Security of nuclear submarine pens and support facilities,"[14.5, 74.0]","[14.5, 74.5]","[15.0, 74.5]","[15.0, 74.0]"
Sundarbans Anti-Smuggling Patrol Zone,Riverine Border Security Area,Prevention of cross-border smuggling and illegal activities,"[21.5, 88.5]","[21.5, 89.5]","[22.5, 89.5]","[22.5, 88.5]"
Vizhinjam Deep Sea Port Security Perimeter,Port Infrastructure Protection Zone,Security of upcoming strategic deep-water port,"[8.0, 76.5]","[8.0, 77.0]","[8.5, 77.0]","[8.5, 76.5]"
Andaman Sea Underwater Volcano Monitoring Area,Geological Hazard Observation Zone,Monitoring of Barren Island volcano and seismic activities,"[12.0, 93.5]","[12.0, 94.5]","[13.0, 94.5]","[13.0, 93.5]"
Lakshadweep Uninhabited Island Surveillance Network,Remote Sensor Array,Early warning system for unauthorized activities,"[10.0, 71.5]","[10.0, 74.0]","[12.5, 74.0]","[12.5, 71.5]"
Bhavnagar-Pipavav Coastal Security Corridor,Multi-Port Security Zone,Coordinated security for multiple ports in Gujarat,"[20.5, 71.0]","[20.5, 72.5]","[22.0, 72.5]","[22.0, 71.0]"
Paradip-Dhamra Integrated Maritime Surveillance Area,Multi-Sensor Coastal Monitoring Zone,Comprehensive maritime domain awareness for Odisha coast,"[20.0, 86.0]","[20.0, 87.5]","[21.0, 87.5]","[21.0, 86.0]"
Gahirmatha Marine Sanctuary Patrol Zone,Marine Wildlife Protection Area,Protection of Olive Ridley turtle nesting sites and anti-poaching operations,"[20.5, 86.5]","[20.5, 87.5]","[21.0, 87.5]","[21.0, 86.5]"
INS Kadamba Extended Maritime Security Zone,Naval Base Operational Area,Expanded security perimeter for Karwar naval base,"[14.5, 73.5]","[14.5, 74.5]","[15.5, 74.5]","[15.5, 73.5]"
Kori Creek Border Patrol Sector,Maritime Border Surveillance Area,Monitoring of India-Pakistan maritime border in Gujarat,"[23.0, 68.0]","[23.0, 69.0]","[24.0, 69.0]","[24.0, 68.0]"
Kakinada-Pudimadaka Offshore Development Security Zone,Oil and Gas Infrastructure Protection Area,Security of offshore drilling platforms and subsea pipelines,"[16.5, 82.0]","[16.5, 83.0]","[17.5, 83.0]","[17.5, 82.0]"
Andaman Trunk Route Patrol Sector,Inter-Island Communication Security Zone,Protection of submarine communication cables between islands,"[10.0, 92.0]","[10.0, 93.0]","[13.0, 93.0]","[13.0, 92.0]"
Katchatheevu Island Monitoring Zone,Disputed Territory Surveillance Area,Monitoring of fishing activities and territorial waters near Sri Lanka,"[9.0, 79.5]","[9.0, 80.0]","[9.5, 80.0]","[9.5, 79.5]"
Kollam-Kanyakumari Coastal Radar Network,Integrated Coastal Surveillance System,Continuous monitoring of southwestern coastal waters,"[8.0, 76.5]","[8.0, 77.5]","[9.0, 77.5]","[9.0, 76.5]"
Chilika Lake Naval Air Station Operational Zone,Naval Aviation Exercise Area,Training and operations for maritime patrol aircraft,"[19.5, 85.0]","[19.5, 86.0]","[20.0, 86.0]","[20.0, 85.0]"
Dwarka-Okha Coastal Defense Battery Range,Coastal Artillery Training Area,Live-fire exercises for shore-based anti-ship missiles,"[22.0, 68.5]","[22.0, 69.5]","[23.0, 69.5]","[23.0, 68.5]"
Lakshadweep Islands Maritime Surveillance Triangle,Remote Island Chain Monitoring Area,Comprehensive surveillance of Lakshadweep archipelago,"[8.0, 71.0]","[8.0, 74.0]","[12.0, 74.0]","[12.0, 71.0]"
Gulf of Khambhat Tidal Energy Security Zone,Renewable Energy Infrastructure Protection Area,Security for tidal power projects and related installations,"[21.0, 72.0]","[21.0, 73.0]","[22.0, 73.0]","[22.0, 72.0]"
Andaman Sea Exclusive Economic Zone Patrol Sector,Extended Maritime Jurisdiction Area,Enforcement of EEZ rights and resource protection,"[6.0, 91.0]","[6.0, 95.0]","[14.0, 95.0]","[14.0, 91.0]"
Kochi-Mangalore Offshore Wind Farm Security Corridor,Renewable Energy Asset Protection Zone,Security for offshore wind installations along southwest coast,"[9.5, 75.0]","[9.5, 76.0]","[13.0, 76.0]","[13.0, 75.0]"
Gopalpur-Puri Integrated Coastal Defense Network,Multi-Layer Coastal Security Zone,Coordinated coastal surveillance and defense operations,"[19.0, 84.5]","[19.0, 86.5]","[20.0, 86.5]","[20.0, 84.5]"
Saurashtra Peninsula Anti-Trafficking Patrol Zone,Counter-Smuggling Operations Area,Prevention of drug trafficking and contraband smuggling,"[20.5, 69.0]","[20.5, 72.0]","[23.0, 72.0]","[23.0, 69.0]"
Kavatti Island Forward Operating Base,Remote Naval Outpost,Extended range patrols and surveillance in southern Lakshadweep,"[10.5, 72.5]","[10.5, 73.0]","[11.0, 73.0]","[11.0, 72.5]"
Vizag-Gangavaram Port Complex Security Zone,Multi-Port Maritime Security Area,Integrated security for adjacent major ports,"[17.5, 83.0]","[17.5, 83.5]","[18.0, 83.5]","[18.0, 83.0]"
Netrani Island Live Fire Exercise Zone,Naval Gunnery Range,Offshore area for naval artillery and missile testing,"[14.0, 74.0]","[14.0, 74.5]","[14.5, 74.5]","[14.5, 74.0]"
Andaman Nicobar Command Joint Forces Training Area,Tri-Service Exercise Zone,"Combined operations training for navy, army, and air force","[11.5, 92.0]","[11.5, 93.0]","[13.0, 93.0]","[13.0, 92.0]"
Kanyakumari-Tuticorin Coastal Security Corridor,Integrated Maritime Border Surveillance Zone,Monitoring of southern tip of Indian peninsula,"[8.0, 77.5]","[8.0, 78.5]","[9.0, 78.5]","[9.0, 77.5]"
Porbandar-Okha Offshore Patrol Vessel Operating Area,Coast Guard Patrol Zone,Regular patrols to combat illegal fishing and smuggling,"[21.5, 68.5]","[21.5, 70.0]","[23.0, 70.0]","[23.0, 68.5]"
Kavaratti Underwater Domain Awareness Center,Submarine Detection and Tracking Zone,Monitoring subsurface activities in central Arabian Sea,"[9.5, 71.5]","[9.5, 73.0]","[11.0, 73.0]","[11.0, 71.5]"
Paradip-Haldia Offshore Security Zone,Critical Maritime Infrastructure Protection Area,Security for offshore oil rigs and pipelines,"[20.5, 87.0]","[20.5, 88.5]","[22.0, 88.5]","[22.0, 87.0]"
Little Andaman Island Forward Operating Base,Southern Naval Outpost,Extended range operations in southern Bay of Bengal,"[10.0, 92.0]","[10.0, 93.0]","[11.0, 93.0]","[11.0, 92.0]"
Sundarbans Riverine Patrol Network,Mangrove Forest Maritime Security Zone,Anti-smuggling and environmental protection operations,"[21.5, 88.5]","[21.5, 89.5]","[22.5, 89.5]","[22.5, 88.5]"
Karwar Underwater Ranges and Measurement Facility,Submarine and Torpedo Testing Area,Calibration and performance testing of submarine systems,"[14.5, 73.5]","[14.5, 74.0]","[15.0, 74.0]","[15.0, 73.5]"
Kalpeni-Minicoy Islands Maritime Patrol Sector,Inter-Island Security Corridor,Monitoring of sea lanes between southern Lakshadweep islands,"[8.0, 72.5]","[8.0, 74.0]","[10.0, 74.0]","[10.0, 72.5]"
Chilika Lake Naval Test Facility,Naval Systems Evaluation Zone,Testing of naval equipment in brackish water conditions,"[19.5, 85.0]","[19.5, 85.5]","[20.0, 85.5]","[20.0, 85.0]"
Lakshadweep Sea Extended Anti-Piracy Patrol Zone,Far Sea Counter-Piracy Area,Long-range patrols to combat piracy in western Arabian Sea,"[8.0, 68.0]","[8.0, 72.0]","[12.0, 72.0]","[12.0, 68.0]"
Daman-Diu Coastal Security Corridor,Integrated Coastal Surveillance Zone,Monitoring of maritime activities in Union Territories,"[20.0, 72.5]","[20.0, 73.0]","[21.0, 73.0]","[21.0, 72.5]"
Bhitarkanika Mangrove Maritime Eco-Security Zone,Environmental Protection and Security Area,Biodiversity conservation and anti-poaching operations,"[20.5, 86.5]","[20.5, 87.5]","[21.0, 87.5]","[21.0, 86.5]"
Vizag Submarine Communication Test Range,Underwater Communications Evaluation Area,Testing and development of submarine communication systems,"[17.0, 83.0]","[17.0, 84.0]","[18.0, 84.0]","[18.0, 83.0]"
Andaman Sea Humanitarian Assistance and Disaster Relief Staging Area,HADR Preparedness Zone,Prepositioning for rapid response to natural disasters,"[11.0, 92.0]","[11.0, 94.0]","[13.0, 94.0]","[13.0, 92.0]"
Lakshadweep-Malabar Coast Integrated Maritime Surveillance Sector,Extended Maritime Domain Awareness Zone,Comprehensive monitoring of approaches to southwest coast,"[8.0, 72.0]","[8.0, 76.0]","[14.0, 76.0]","[14.0, 72.0]"
